Name,Image,Body Text,,,Category,3P+,Version,Artist,Notes
,,"Deck Ratio Categories:

Passive Items (44)
Soul Item (1)
Active Items (40)
One Use Items (5)
Paid Items (10)",,,,,,Card back art by @KrystalFlamingo,"Treasure cards are referred to as items while in play. Place items you control in front of you. When instructed to gain treasure, take that many cards from the top of the treasure deck and put them into play under your control.

Silver-bordered passive items can have static abilities and triggered abilities.

Gold-bordered active items have at least 1 activated ability. These are abilities that you can activate any time you have priority and can pay their costs."
,,,,,Set Name,Cards,Unique,,
,,,,,Base Game,105,105,,
,,,,,Gold Box,20,20,,
,,,,,Four Souls+,30,30,,
,,,,,Target,3,3,,
,,,,,Star Promos,6,6,,
,,,,,Gish,1,1,,
,,,,,Tapeworm,3,3,,
,,,,,The Unboxing of Isaac,20,20,,
,,,,,G Fuel,4,4,,
,,,,,Retro,1,0,,
,,,,,Requiem,53,53,,
,,,,,Warp Zone,14,14,,
,,,,,Alt Art,4,4,,
,,,,,The Summer of Isaac,9,9,,
,,,,,Anniversary,4,4,,
,,,,,Mewgenics,1,1,,
,,,,,TOTAL,278,277,,
,,,,,,,,,
,Base Game,,,,,,,,
The Relic,,"Each time
a player rolls
a 1, loot 1.",,,Passive Items (44),FALSE,Original,@TikaratheMew,
Dad's Lost Coin,,"Each time a player
would roll a 1, you
may force that player
to reroll it.",,,Passive Items (44),FALSE,Original,@TikaratheMew,
Finger!,,"Each time a player
rolls a 2, you may
swap a non-eternal
item you control with
a non-eternal item
they control.",,,Passive Items (44),FALSE,Original,@TikaratheMew,
Charged Baby,,"Each time a player
rolls a 2, you may
recharge an item.",,,Passive Items (44),FALSE,Original,@TikaratheMew,
The D10,,"Each time a player
rolls a 3, you may
put the top card of
the monster deck in
a monster slot not
being attacked.",,,Passive Items (44),FALSE,Original,@TikaratheMew,
Tarot Cloth,,"Each time a
player rolls a 4,
they must give you
a loot card.",,,Passive Items (44),FALSE,Original,@TikaratheMew,
Mom's Box,,"Each time a
player rolls a 4,
you may loot 1,
then discard a
loot card.",,,Passive Items (44),FALSE,Original,@TikaratheMew,
Mom's Razor,,"Each time a
player rolls a 6,
you may deal 1
damage to them.",,,Passive Items (44),FALSE,Original,@TikaratheMew,
Mom's Purse,,"Loot +1 during
your loot step.
------------------------------
""Whoever walks in integrity
walks securely, but he who
makes his ways crooked
will be found out.""
Proverbs 10:9",,,Passive Items (44),FALSE,Original,TAR_HEAD,
Mom's Coin Purse,,"Loot +1 during
your loot step.
------------------------------
""Be sober-minded; be
watchful.  Your adversary
the devil prowls like
a roaring lion.""
1 Peter 5:8",,,Passive Items (44),FALSE,Original,TAR_HEAD,
Spider Mod,,"Each time a player
rolls a 5, you may put
a monster not being
attacked into discard
and replace it with
the top card of the
monster deck.",,,Passive Items (44),FALSE,Original,@TikaratheMew,
Eye of Greed,,"Each time a player
rolls a 5, gain 3¢.",,,Passive Items (44),FALSE,Original,@TikaratheMew,
Cheese Grater,,"Each time a player
rolls a 6, reveal
the top card of any
deck. Put it back or
put it into discard.",,,Passive Items (44),FALSE,Original,@TikaratheMew,
Dead Bird,,"Each time a player
rolls a 3, you may
look at their hand
and steal a loot
card from them.",,,Passive Items (44),FALSE,Original,@TikaratheMew,
Dinner,,"+1 HP
------------------------------
""Do not give what is holy
to dogs, and do not throw
your pearls before swine.""
Matthew 7:6",,,Passive Items (44),FALSE,Original,TAR_HEAD,
Breakfast,,"+1 HP
------------------------------
""I gave you milk to drink,
not solid food; for you were
not yet able to receive it.""
Corinthians 3:2",,,Passive Items (44),FALSE,Original,TAR_HEAD,
Synthoil,,"You have +1 to
attack rolls.
------------------------------
""He gives power to the faint,
and to him who has no might
He increases strength.""
Isaiah 40:29",,,Passive Items (44),FALSE,Original,TAR_HEAD,
Meat!,,"You have +1 to
attack rolls.
------------------------------
""Every moving thing that
liveth shall be meat for you.""
Genesis 9:3
",,,Passive Items (44),FALSE,Original,TAR_HEAD,
Polydactyly,,"You may play an
additional loot
card on your turn.
------------------------------
You have +1 AT for
the first attack
roll each turn.",,,Passive Items (44),FALSE,Original,TAR_HEAD,
Belly Button,,"You may play an
additional loot
card on your turn.
------------------------------
Each time you
take damage, you may
recharge your character.",,,Passive Items (44),FALSE,Original,TAR_HEAD,
Brimstone,,"+1 AT
------------------------------
Each time you deal
combat damage to a
monster, deal 1 damage
to another player.",,,Passive Items (44),TRUE,Original,@KrystalFlamingo,
Ipecac,,"+1 AT
------------------------------
Each time you roll
an attack roll of 6,
deal 1 damage to
each other player.",,,Passive Items (44),FALSE,Original,TAR_HEAD,
There's Options,,"You may look at
the top card of the
treasure deck at any
time on your turn.
------------------------------
You may purchase an
additional time on
your turn.",,,Passive Items (44),FALSE,Original,TAR_HEAD,
Champion Belt,,"You have +1 AT for
your first attack
roll each turn.
------------------------------
You may attack an
additional time on
your turn.",,,Passive Items (44),FALSE,Original,TAR_HEAD,
Monstro's Tooth,,"At the start of
your turn, choose
a player at random.
That player destroys
an item they control.",,,Passive Items (44),FALSE,Original,TAR_HEAD,
Dry Baby,,"Damage you would take
is reduced to 1.
------------------------------
""He protects all His bones;
not one of them is broken.""
Psalm 34:20",,,Passive Items (44),FALSE,Original,@TikaratheMew,
Goat Head,,"At the end of your
turn, you may discard
any number of loot cards,
then loot equal to the
number of cards
discarded in this way.",,,Passive Items (44),FALSE,Original,@KrystalFlamingo,
The Blue Map,,"At the end of
your turn, look at
the top 4 cards of
the treasure deck.
Put them back in
any order.",,,Passive Items (44),FALSE,Original,TAR_HEAD,
The Compass,,"At the end of
your turn, look at
the top 4 cards of
the loot deck.
Put them back in
any order.",,,Passive Items (44),FALSE,Original,TAR_HEAD,
The Map,,"At the end of
your turn, look at
the top 4 cards of
the monster deck.
Put them back in
any order.",,,Passive Items (44),FALSE,Original,TAR_HEAD,
Fanny Pack,,"Each time you
take damage,
loot 1.",,,Passive Items (44),FALSE,Original,TAR_HEAD,
The Habit,,"The first time
you take damage
each turn, you may
recharge an item.",,,Passive Items (44),FALSE,Original,@TikaratheMew,
Cambion Conception,,"Each time you take
damage, put counters on
this equal to the amount
of damage taken. Then,
if this has 6+ counters,
remove 6 counters from
this and gain +1 treasure.",,,Passive Items (44),FALSE,Original,TAR_HEAD,
Greed's Gullet,,"Each time you die, before
paying penalties, gain 8¢.
------------------------------
""The righteousness of the
upright will deliver them,
but the treacherous will be
caught by their own greed.""
Proverbs 11:6",,,Passive Items (44),FALSE,Original,TAR_HEAD,
Suicide King,,"Each time you die, before
paying penalties, loot 3.
------------------------------
""And many of them that sleep
in the dust of the Earth shall
awake, some to everlasting
life, and some to shame and
everlasting contempt.""
Daniel 12:2",,,Passive Items (44),FALSE,Original,@TikaratheMew,
Trinity Shield,,"Other players can't
play loot cards or
activate items on
your turn.",,,Passive Items (44),TRUE,Original,@TikaratheMew,
Steamy Sale!,,"Shop items you purchase
cost 5¢ less.
------------------------------
""So Abram brought him all
these animals and cut each of
them in half, down the middle.""
Genesis 15:10",,,Passive Items (44),FALSE,Original,TAR_HEAD,
Shadow,,"If another player would
pay the death penalty,
you choose what item they
would destroy and you
gain any loot cards and ¢
they would lose.",,,Passive Items (44),FALSE,Original,TAR_HEAD,
Shiny Rock,,"Each time you
activate an item,
gain 1¢.
------------------------------
""Gods of silver and Gods of
gold you are not to make
for yourselves.""
Exodus 20:23",,,Passive Items (44),FALSE,Original,@TikaratheMew,
The Midas Touch,,"Each time a
monster dies,
gain 3¢.",,,Passive Items (44),FALSE,Original,TAR_HEAD,
Eden's Blessing,,"At the end of your
turn, if you have 0¢,
gain 6¢.
------------------------------
""Thou shalt open thine hand
wide unto thy brother, to thy
poor, and to thy needy.""
Deuteronomy 15:11",,,Passive Items (44),FALSE,Original,@TikaratheMew,
The Polaroid,,"At the end of your turn,
if you have 0 loot cards
in your hand, loot 2.
------------------------------
""One whose father and mother
are not married may not come
into the meeting of the
Lord's people.""
Deuteronomy 23:2",,,Passive Items (44),FALSE,Original,@TikaratheMew,
Starter Deck,,"At the end of your
turn, if you have 8
or more loot cards
in your hand, loot 2.",,,Passive Items (44),FALSE,Original,TAR_HEAD,
Restock,,"At the start of
your turn, you may
put any number of
shop items into
discard.",,,Passive Items (44),FALSE,Original,TAR_HEAD,
Dark Bum,,"At the start of your
turn, roll-
1-2: Gain 3¢.
------------------------------
3-4: Loot 1.
------------------------------
5-6: Take 1 damage.",,,Passive Items (44),FALSE,Original,@KrystalFlamingo,
Empty Vessel,,"While you have 0 loot
cards in your hand,
you have +1 AT.
------------------------------
While you have 0¢,
you have +1 to
attack rolls.",,,Passive Items (44),FALSE,Original,@TikaratheMew,
Bum-bo!,,"If you would gain any number of ¢,
this levels up by that much instead.
------------------------------
Level 1+: You have +2 to your first
attack roll each turn.
------------------------------
Level 10+: You have +1 AT.
------------------------------
Level 25+: You may attack any
number of times on
your turn.",,,Passive Items (44),FALSE,Original,@KrystalFlamingo,"Unlocked via dealing 250,000 damage to Delirium during the original Kickstarter."
Sacred Heart,,"When you would roll
a 1, you may change
the result to a 6.
------------------------------
""Righteous ones, be glad in
the Lord and rejoice!  Shout
for joy, all of you who are
true in heart!""
Psalm 32:11",,,Passive Items (44),FALSE,Original,@TikaratheMew,"Unlocked via dealing 400,000 damage to Delirium during the original Kickstarter."
Curse of the Tower,,"Each time you take
damage, roll-
1-3: Each other player
takes 1 damage.
------------------------------
4-6: Deal 1 damage
to a monster.",,,Passive Items (44),TRUE,Original,TAR_HEAD,
Bob's Brain,,"Each time you declare
an attack, roll-
1-2: Deal 1 damage to
a monster.
------------------------------
3-4: Deal 1 damage to
a player.
------------------------------
5-6: Take 1 damage.",,,Passive Items (44),FALSE,Original,TAR_HEAD,
Guppy's Collar,,"Each time you
would die, roll-
1-3: Prevent death. If it's
your turn, cancel everything
that hasn't resolved and
end your turn..
------------------------------
-Guppy-",,,Passive Items (44),FALSE,Original,@TikaratheMew,
The Dead Cat,,"This item starts with 9
counters on it.
------------------------------
If you would take damage
while this has counters on it,
remove that many counters
and prevent that much damage.
------------------------------
-Guppy-",,,Passive Items (44),FALSE,Original,@TikaratheMew,
Baby Haunt,,"Monsters have
+1 DC on your turn.
------------------------------
When you die, before
paying penalties,
give this to another
player.",,,Passive Items (44),FALSE,Original,@rojen241,
Daddy Haunt,,"If you would take any
amount of damage, take
that much damage
+1 instead.
------------------------------
When you die, before
paying penalties, give
this to another player.",,,Passive Items (44),FALSE,Original,@rojen241,
The Chest,,"If this would be destroyed,
it becomes a soul instead.
------------------------------
""I assure you: Whoever does
not welcome the kingdom
of God as a child will
never enter it.""
Luke 18:17

(+1 soul)",,,Soul Item (1),FALSE,Original,@TikaratheMew,
Pandora's Box,,"↷: Destroy this. If
you do, roll-
1: Gain 1¢.  2: Gain 6¢.
------------------------------
3: Kill a monster.
------------------------------
4: Loot 3.  5: Gain 9¢.
------------------------------
6: This becomes
a soul. Gain it.

(+1 soul)",,,Soul Item (1),FALSE,Original,@TikaratheMew,
Two of Clubs,,"↷: Choose a player.
Till end of turn,
if they would loot any
number of loot cards,
they loot double that
number instead.",,,Active Items (40),FALSE,Original,TAR_HEAD,
Mr. Boom,,"↷: Deal 1 damage
to a monster.
------------------------------
""The Lord said, I will wipe off the
face of the Earth: Man, whom I
created, together with the animals,
creatures that crawl, for I regret
that I made them.""
Genesis 6:7",,,Active Items (40),FALSE,Original,@TikaratheMew,
Tech X,,"↷: Put a counter
on this.
------------------------------
$: Remove 3 counters
from this:
Kill a player
or monster.",,,Active Items (40),FALSE,Original,TAR_HEAD,
Razor Blade,,"↷: Deal 1
damage to
a player.
------------------------------
""Ye shall not make any cuttings
in your flesh for the dead, nor
print any marks upon you.""
Leviticus 19:28",,,Active Items (40),TRUE,Original,@TikaratheMew,
Mini Mush,,"↷: Subtract up
to 2 from
a roll.
------------------------------
""The meek shall inhereit the Earth;
and shall delight themselves in
the abundance of peace.""
Psalm 37:11",,,Active Items (40),FALSE,Original,TAR_HEAD,
Lucky Foot,,"↷: Add up to 2 to
a non-attack
roll.
------------------------------
""She wet my feet with her tears
and wiped them dry with her hair.""
Luke 7:44",,,Active Items (40),FALSE,Original,@TikaratheMew,
Spoon Bender,,"↷: Add 1 to
a roll.
------------------------------
""Whoever turns to mediums or
spiritists and prostitutes himself
with them, I will turn against that
person and cut him off from
his people.""
Leviticus 20:6",,,Active Items (40),FALSE,Original,@TikaratheMew,
Flush!,,"↷: Choose one-
•Put each monster
not being attacked
on the bottom of
the monster deck.
------------------------------
•Put each shop item on
the bottom of the
treasure deck.",,,Active Items (40),FALSE,Original,TAR_HEAD,
Monster Manual,,"↷: Choose
a monster.
The active player
must attack that
monster this turn
if able.",,,Active Items (40),TRUE,Original,TAR_HEAD,
The Shovel,,"↷: Put a non-event
monster card in
discard on top of
the monster deck.",,,Active Items (40),FALSE,Original,TAR_HEAD,
The D20,,"↷: Reroll an item.
(Destroy that
item and replace it
with the top card of
the treasure deck.)",,,Active Items (40),FALSE,Original,@TikaratheMew,
The D100,,"↷: Roll-
1: Loot 1.  2: Loot 2.
------------------------------
3: Gain 3¢.  4: Gain 4¢.
------------------------------
5: Gain +1 HP till
end of turn.
------------------------------
6: Gain +1 AT till
end of turn.",,,Active Items (40),FALSE,Original,@TikaratheMew,
Potato Peeler,,"↷: Put the top
card of each
deck into
discard.",,,Active Items (40),FALSE,Original,TAR_HEAD,
Sack Head,,"↷: Look at the top
card of a deck.
You may put that
card on the bottom
of that deck.",,,Active Items (40),FALSE,Original,@TikaratheMew,
Bum Friend,,"↷: Loot 1, then
put a loot card
from your hand
on top of the
loot deck.",,,Active Items (40),FALSE,Original,@KrystalFlamingo,
Compost,,"↷: The next time
a player would
loot, they loot from
the top of the loot
discard instead.",,,Active Items (40),FALSE,Original,TAR_HEAD,
Diplopia,,"↷: Choose a 
non-eternal
passive item. This
becomes a copy of
that item till
end of turn.",,,Active Items (40),FALSE,Original,TAR_HEAD,
The Battery,,"↷: Recharge
another item.
------------------------------
""Then we shall not turn back
from you; revive us, and we
will call upon your name.""
Psalm 80:18",,,Active Items (40),FALSE,Original,@TikaratheMew,
Blank Card,,"↷: The next time
you play a non-
trinket, non-ambush
loot card this
turn, copy it.",,,Active Items (40),FALSE,Original,TAR_HEAD,
Placebo,,"↷: This copies
a ↷ ability
of a non-
eternal item.",,,Active Items (40),FALSE,Original,@TikaratheMew,
Mom's Bra,,"↷: Choose a
monster or
player. The next
instance of damage
they take this trun
is reduced to 1.",,,Active Items (40),FALSE,Original,TAR_HEAD,
No!,,"↷: Cancel the
↷ or $ ability
of an item.
------------------------------
""Even a fool, when he keeps
silent, is considered wise.""
Proverbs 17:28",,,Active Items (40),FALSE,Original,TAR_HEAD,
Host Hat,,"↷: Prevent the
next 1 damage you
would take this turn.
When you prevent
damage this way,
deal 1 damage to
another player.",,,Active Items (40),FALSE,Original,@TikaratheMew,
Decoy,,"↷: Swap this with
a non-eternal
item another
player controls.",,,Active Items (40),FALSE,Original,@TikaratheMew,
Sack of Pennies,,"↷: Gain 1¢.
------------------------------
Each time a player
rolls a 1, you may
recharge this.",,,Active Items (40),FALSE,Original,TAR_HEAD,
Jawbone,,"↷: Steal 3¢ from
a player.
------------------------------
""With a donkey's jawbone I
have killed a thousand men.""
Judges 15:16",,,Active Items (40),FALSE,Original,TAR_HEAD,
Boomerang,,"↷: Choose another
player. Steal
a loot card
from them at
random.",,,Active Items (40),FALSE,Original,TAR_HEAD,
Godhead,,"↷: Change the
result of a dice
roll to a
1 or 6.
------------------------------
""I and the Father are one.""
John 10:30",,,Active Items (40),FALSE,Original,@TikaratheMew,Unlocked via The Void stretch goal in the original Kickstarter.
Modeling Clay,,"↷: Choose a
non-eternal
item. This becomes
a copy of that item.
(This change is indefinite.)",,,Active Items (40),FALSE,Original,TAR_HEAD,"Crossover with the video game, The Legend of Bum-bo."
Chaos,,"↷: Each player
gives their
hand to the player
to their left.",,,Active Items (40),FALSE,Original,TAR_HEAD,
Remote Detonator,,"↷: Each player
votes on an
item in play. Destroy
the item with the most
votes.  If there is a tie,
nothing happens.",,,Active Items (40),TRUE,Original,TAR_HEAD,
Crystal Ball,,"↷: Before a dice
is rolled, choose
a number.  If the
next roll is that
number, loot 3.",,,Active Items (40),FALSE,Original,TAR_HEAD,
Mystery Sack,,"↷: Roll-
1-2: Loot 1.
------------------------------
3-4: Gain 4¢.",,,Active Items (40),FALSE,Original,TAR_HEAD,
Book of Sin,,"↷: Roll-
1-2: Gain 1¢.
------------------------------
3-4: Loot 1.
------------------------------
5-6: Gain +1 HP
till end of turn.",,,Active Items (40),FALSE,Original,TAR_HEAD,
Glass Cannon,,"↷: Destroy another
item, then roll-
1-5: Destroy this
and loot 2.
------------------------------
6: Recharge this.",,,Active Items (40),FALSE,Original,TAR_HEAD,
Guppy's Head,,"↷: Choose a player.
That player gives
you a loot card.
------------------------------
-Guppy-
""He shall lay his hand on the
head of the burnt offering, that
it may be accepted for him to
make atonement on his behalf.""
Leviticus 1:4",,,Active Items (40),FALSE,Original,@TikaratheMew,"Unlocked by the community through an ARG played before the game's launch, along with Guppy's Paw and Guppy's Tail."
Guppy's Paw,,"↷: Pay 1 HP. If you do,
choose a player.
Prevent the next instance
of up to 2 damage they
would take this turn.
------------------------------
-Guppy-",,,Active Items (40),FALSE,Original,@TikaratheMew,"Unlocked by the community through an ARG played before the game's launch, along with Guppy's Head and Guppy's Tail."
Mom's Shovel,,"This enters play
deactivated.
------------------------------
↷: Destroy this.
If you do,
steal a soul from
another player.",,,One Use Items (5),FALSE,Original,@KrystalFlamingo,
Chaos Card,,"↷: Destroy this. If
you do, choose one-
•Kill a player
or monster.
------------------------------
•Destroy an
item or soul.",,,One Use Items (5),FALSE,Original,TAR_HEAD,
Box!,,"↷: Destroy this.
If you do,
you may play any
number of additional
loot cards till
end of turn.",,,One Use Items (5),FALSE,Original,@TikaratheMew,
The D4,,"↷: Destroy this. If
you do, choose a
player. They reroll
each item they control.
(Destroy those items and
replace each with the top
card of the treasure deck.)",,,One Use Items (5),FALSE,Original,@TikaratheMew,
The Poop,,"Each time you take
damage, put a counter
on this.
------------------------------
$: Remove a counter
from this:
Prevent the next 1 damage
you would take this turn.",,,Paid Items (10),FALSE,Original,@KrystalFlamingo,
Contract from Below,,"$: Destroy 2 items
you control:
Steal a non-eternal
item from any player.",,,Paid Items (10),FALSE,Original,TAR_HEAD,
Donation Machine,,"$: Give another
non-eternal item
you control to
another player:
Gain 8¢.",,,Paid Items (10),FALSE,Original,@TikaratheMew,
Battery Bum,,"$: Pay 4¢:
Recharge an
item.",,,Paid Items (10),FALSE,Original,@KrystalFlamingo,
Pay to Play,,"$: Pay 10¢:
Steal a non-eternal
item a player controls.
------------------------------
""Out of the heart of men,
evil thoughts come, sexual
immorality, stealing, murder.""
Mark 7:21",,,Paid Items (10),FALSE,Original,TAR_HEAD,
Golden Razor Blade,,"$: Pay 5¢:
Deal 1 damage
to a monster
or player.",,,Paid Items (10),TRUE,Original,@TikaratheMew,
Portable Slot Machine,,"$: Pay 3¢: Roll-
1-2: Loot 1.
------------------------------
3-4: Gain 4¢.",,,Paid Items (10),FALSE,Original,TAR_HEAD,
Smelter,,"$: Discard
a loot card:
Gain 3¢.",,,Paid Items (10),FALSE,Original,TAR_HEAD,
,Gold Box,,,,,,,,
The Missing Page,,"Each time a player
would roll a 5,
you may force that
player to reroll it.",,,Passive Items (44),FALSE,Original,TAR_HEAD,
More Options,,"At the start of your
turn, you may look
at the top 2 cards
of the treasure deck.
------------------------------
You may purchase an
additional time on
your turn.",,,Passive Items (44),FALSE,Original,TAR_HEAD,
Skeleton Key,,"You may attack up
to 99 times on
your turn.
------------------------------
""A star fell from Heaven unto
the Earth: And the key to the
bottomless pit was given.""
Revelation 9:1",,,Passive Items (44),FALSE,Original,TAR_HEAD,
Placenta,,"+1 HP
------------------------------
You take no combat
damage on attack
rolls of 4.",,,Passive Items (44),FALSE,Original,TAR_HEAD,
Mom's Knife,,"+1 AT
------------------------------
Each time you deal combat
damage to a monster on
an attack roll of 6,
deal 1 damage to each
other monster.",,,Passive Items (44),FALSE,Original,@TikaratheMew,
Infamy,,"You take no
combat damage on
attack rolls of 1.",,,Passive Items (44),FALSE,Original,@TikaratheMew,
9 Volt,,"At the end of
your turn, you may
recharge up to 2
items you control.",,,Passive Items (44),FALSE,Original,@TikaratheMew,
Soy Milk,,"Monsters have
+1 DC on your turn.
------------------------------
Each time you deal combat
damage to a monster,
deal 1 damage to each
other monster.",,,Passive Items (44),FALSE,Original,TAR_HEAD,
Guppy's Tail,,"Loot +1 during
your loot step.
------------------------------
At the end of your
turn, discard a
loot card.
------------------------------
-Guppy-",,,Passive Items (44),FALSE,Original,@TikaratheMew,"Unlocked by the community through an ARG played before the game's launch, along with Guppy's Head and Guppy's Paw."
Ouija Board,,"↷: Reveal the top 4
cards of the monster
deck. You may put an event
card revealed this way in
a monster slot not being
attacked. Put the rest on
the bottom of the dek
in a random order.",,,Active Items (40),FALSE,Original,TAR_HEAD,
Fruitcake,,"↷: Roll-
1: Loot 1.  2-3: Gain 1¢.
------------------------------
4-6: Look at the top
card of a deck.
------------------------------
Each time a player rolls the
same result twice in a row on
the same turn, recharge this.",,,Active Items (40),FALSE,Original,@TikaratheMew,
"I Can't Believe It's Not
Butter Bean",,"↷: Cancel the
↷ or $ ability
of an item or a loot
being played that
targets an item
or dice roll you
control.",,,Active Items (40),FALSE,Original,@KrystalFlamingo,
The Butter Bean,,"↷: Roll-
6: Recharge this.",,,Active Items (40),FALSE,Original,TAR_HEAD,
Library Card,,"↷: Play an
additional
loot card
this turn.",,,Active Items (40),FALSE,Original,TAR_HEAD,
The Bible,,"↷: Choose one-
•Destroy a curse.
------------------------------
•Cancel your attack.
------------------------------
•Kill a monster named
Mom!, Mom's Heart!,
or It Lives!",,,Active Items (40),FALSE,Original,TAR_HEAD,
Crooked Penny,,"↷: Choose a player
then roll-
1-3: Double the number
of ¢ they have.
------------------------------
4-6: That player
loses all ¢.",,,Active Items (40),FALSE,Original,@TikaratheMew,
Lemon Mishap,,"↷: Till end of
turn, each
time a player rolls
an attack roll of 1
or 2, deal 1 damage
to each monster.",,,Active Items (40),FALSE,Original,TAR_HEAD,
Plan C,,"↷: Destroy this.
If you do, kill
a monster. At the
end of the turn,
kill all players.",,,One Use Items (5),FALSE,Original,TAR_HEAD,
Dad's Key,,"$: Discard a
loot card:
Put the top card of
the monster deck in
a monster slot not
being attacked.",,,Paid Items (10),FALSE,Original,TAR_HEAD,
Succubus,,"$: Pay 3¢:
You may play up
to 2 additional
loot cards
this turn.",,,Paid Items (10),FALSE,Original,@TikaratheMew,
,Four Souls+,,,,,,,,
Polyphemus,,"+2 AT
------------------------------
Monsters have
+1 DC on your turn.",,,Passive Items (44),FALSE,Original,@KrystalFlamingo,
The Wiz,,"Monsters have
+1 DC on your turn.
------------------------------
Each time you deal
combat damage, deal
1 damage to another
monster or player.",,,Passive Items (44),FALSE,Original,TAR_HEAD,
Euthanasia,,"Each time you roll
the same result twice
in a row on an attack
roll on the same turn,
kill the monster
you're attacking.",,,Passive Items (44),FALSE,Original,TAR_HEAD,
Head of the Keeper,,"Each time you deal
damage, gain 1¢.
------------------------------
Each time you kill a
monster or player,
gain 2¢.",,,Passive Items (44),FALSE,Original,@KrystalFlamingo,
Cursed Eye,,"Combat damage you
deal on attack rolls
of 6 is increased by 3.
------------------------------
When you roll an attack
roll of 1, end your turn.
Cancel everything that
hasn't resolved.",,,Passive Items (44),FALSE,Original,TAR_HEAD,
Mom's Eye Shadow,,"If another player
declares an attack
on a monster, you may
choose which monster
they attack.",,,Passive Items (44),TRUE,Original,TAR_HEAD,
Lard,,"+2 HP
------------------------------
Each time you take
damage, discard a
loot card.",,,Passive Items (44),FALSE,Original,TAR_HEAD,
Rubber Cement,,"Each time you miss an
attack roll, roll-
1-3: Deal 1 damage
to a monster
or player.
",,,Passive Items (44),FALSE,Original,@KrystalFlamingo,
P.H.D.,,"You may add or
subtract 1 from any
of your non-attack
rolls.",,,Passive Items (44),FALSE,Original,TAR_HEAD,
Telepathy for Dummies,,"At the start of your
turn, roll-
You may change the
result of your next
roll this turn to
this result.",,,Passive Items (44),FALSE,Original,TAR_HEAD,
Daddy Long Legs,,"At the start of your
turn, deal 1 damage
to a monster or
player.",,,Passive Items (44),FALSE,Original,@KrystalFlamingo,
Abaddon,,"+3 AT
------------------------------
Each time you take
damage, die!",,,Passive Items (44),FALSE,Original,@KrystalFlamingo,
Hourglass,,"Each time a player
rolls a 2, you may
deactivate an item.",,,Passive Items (44),FALSE,Original,@KrystalFlamingo,
Game Breaking Bug!,,"Each time a player
rolls a 1, you may
reroll an item
they control.",,,Passive Items (44),FALSE,Original,TAR_HEAD,
1-Up,,"When you would die on
your turn, destroy this.
If you do, prevent death,
heal to full HP, and cancel
your attack. You may
attack an additional
time this turn.",,,Passive Items (44),FALSE,Original,TAR_HEAD,
Magnet,,"Each time another
player gains ¢, they
must give you 1¢.
------------------------------
""The rich rules over the
poor, and the borrower is
the slave of the lender.""
Proverbs 22:7",,,Passive Items (44),FALSE,Original,TAR_HEAD,
Guppy's Eye,,"Each other player
plays with their
hand revealed.
------------------------------
-Guppy-",,,Passive Items (44),FALSE,Original,@TikaratheMew,
Mama Haunt,,"Your character
doesn't recharge during
your recharge step.
------------------------------
When you die, before
paying penalties, give
this to another player.",,,Passive Items (44),FALSE,Original,@rojen241,
Libra,,"↷: Change the
result of a dice
roll to a 3.",,,Active Items (40),FALSE,Original,@KrystalFlamingo,
Smart Fly,,"↷: Look at the top
card of a deck. You
may put it into discard
or put it back on top.
------------------------------
Each time you take
damage, you may
recharge this.",,,Active Items (40),FALSE,Original,@KrystalFlamingo,
20/20,,"↷: Add up to 2 to
an attack roll.
------------------------------
""The eye is the lamp of the body.
If your vision is clear, your whole
body will be full of light.""
Matthew 6:22",,,Active Items (40),FALSE,Original,@TikaratheMew,
Rainbow Baby,,"↷: Choose one-
•Each player loots 1.
------------------------------
•Each player gains 2¢.
------------------------------
•Each player takes
1 damage.",,,Active Items (40),FALSE,Original,@KrystalFlamingo,
Distant Admiration,,"↷: Choose another
player. They give
you a loot card, reveal
it, then you must play
that loot card if able.
This doesn't use a
loot play.",,,Active Items (40),FALSE,Original,@KrystalFlamingo,
Black Candle,,"↷: Reveal the top 6
cards of the monster
deck. Give any curse cards
revealed to the player or
players of your choosing.
Put the rest on the bottom
of the deck in any order.",,,Active Items (40),FALSE,Original,TAR_HEAD,
Red Candle,,"↷: Before a dice is
rolled, choose
a number. Till end
of turn, each time
that number is rolled,
deal 1 damage to a
monster or player.",,,Active Items (40),FALSE,Original,TAR_HEAD,
Mutant Spider,,"↷: The next time a
player would roll a
dice, they instead roll
4 dice. You choose
one of the rolls
as the result.",,,Active Items (40),FALSE,Original,@KrystalFlamingo,
Head of Krampus,,"↷: Roll-
1-3: Deal 1 damage
to each player.
------------------------------
4-6: Deal 1 damage
to each monster.",,,Active Items (40),FALSE,Original,@TikaratheMew,
Forget Me Now,,"↷: Destroy this.
If you do, each
player destroys a
soul they control.",,,One Use Items (5),FALSE,Original,TAR_HEAD,
Divorce Papers,,"↷: Destroy this.
If you do,
choose another player.
They give you half of
their ¢ and loot cards
rounded down, then
give you an item.",,,One Use Items (5),FALSE,Original,@TikaratheMew,
Athame,,"$: Discard a
loot card:
Force a player
to discard 2
loot cards.",,,Paid Items (10),FALSE,Original,@TikaratheMew,
,Target,,,,,,,,
Dead Eye,,"Each time you deal
damage to a monster
gain +1 AT till the
end of turn.",,,Passive Items (44),FALSE,Original,@TikaratheMew,
Marked,,"Each time you make
your first attack roll
for your turn, you may
change the dice result
into a 5.",,,Passive Items (44),FALSE,Original,@TikaratheMew,
Epic Fetus!,,"↷: Deal 1 damage
to a monster, player
and yourself.
------------------------------
""I should have been as
though I had not been, carried
from womb to tomb.""
Job 10:19",,,Active Items (40),FALSE,Original,@KrystalFlamingo,
,Star Promos,,,,,,,,
Mom's Ring,,"+1 AT
------------------------------
When you gain
or purchase
this, loot 1.",,,Passive Items (44),FALSE,Original,Private,"This bonus Star card is included with The Unboxing of Isaac #1: Dogma, to celebrate Mother's Day in May, 2022."
Dad's Ring,,"Each time you
declare an attack
on a monster, roll-
5-6: That monster
gains -1 DC till end
of turn.",,,Passive Items (44),FALSE,Original,Private,"This bonus Star card is included with The Unboxing of Isaac #2: Rainbow Blight, to celebrate Father's Day in June, 2022."
Pumpkin Mask,,"When you gain or purchase
this, destroy it. If you do,
look at the top 10 cards
of the treasure deck and
gain 1. Put the rest on the
bottom of the deck in a
random order.",,,Passive Items (44),FALSE,Original,@HamBerry_art,"This bonus Star card is included with The Unboxing of Isaac #6: The Bloat!!!!, to celebrate Halloween in October, 2022."
Lump of Coal,,"After the third
attack roll you
make each turn,
you gain +1 AT till
end of turn.",,,Passive Items (44),FALSE,Original,@TikaratheMew,"This bonus Star card is included with The Unboxing of Isaac #8: Delirious, to celebrate Christmas in December, 2022."
Pyromaniac,,"When you gain this, search the
loot deck for up to 2 cards named
Bomb!. Reveal them, put them in
your hand, then shuffle the deck.
------------------------------
If you would deal any amount
of non-combat damage, deal
that much damage +1 instead.",,,Passive Items (44),FALSE,Original,@HamBerry_art,"This bonus Star card is included with The Unboxing of Isaac #9: Isaac is Doomed!, to celebrate New Years in January, 2023."
Mystery Gift,,"$: Destroy this:
Choose any number of players.
Look at the top x cards of the
treasure deck, where x is the
number of chosen players, and
put any of them back or on the
bottom of the deck in any order.
Gain +1 treasure, then each
chosen player gains +1 treasure.",,,One Use Items (5),FALSE,Original,@HamBerry_art,"Included with all orders on the Maestro Media website during the Isaac Anniversary Sale in November, 2024."
,Gish,,,,,,,,
Lil' Gish,,"↷: Choose a
deactivated item
in play. That item
does not recharge
at the start of its
controllers next
turn.",,,Active Items (40),FALSE,Original,@TikaratheMew,"This card, along with the Gish monster card, is included in the Gish Big Box Edition, produced by Limited Run Games, available between February 14th, 2020 and February 29th, 2020."
,Tapeworm,,,,,,,,
Black Proglottid,,"At the start and end of your
turn, you may put an egg
counter on a player or monster
without an egg counter.
------------------------------
Each time player or monster with an
egg counter dies, remove their egg
counters. Each player without
an egg counter gains 2¢ for each egg
counter removed in this way.",,,Passive Items (44),FALSE,Original,TAR_HEAD,"Unlocked via reaching $400,000 in the Tapeworm Kickstarter.

Foil-only.

Despite belonging to the Tapeworm promo set, this card is missing its ""T"" set symbol."
White Proglottid,,"↷: Put an egg counter on
another player.
------------------------------
Players with egg counters can
be attacked as if they were
monsters with a 4+ DC.  When a
player with an egg counter dies
remove all their egg counters,
the player that killed them
loots 1.",,,Active Items (40),FALSE,Original,@TikaratheMew,"Unlocked via reaching $800,000 in the Tapeworm Kickstarter.

Foil-only."
Red Proglottid,,"$: Pay 5¢: Put an egg
counter on a player
or monster.
------------------------------
Players and monsters with egg
counters gain +1 AT for each
egg counter on them. If that
player or monster dies, remove
all their egg counters.",,,Paid Items (10),FALSE,Original,@Von_Grimsworth,"Unlocked via reaching $600,000 in the Tapeworm Kickstarter.

Foil-only."
,The Unboxing of Isaac,,,,,,,,
Three Dollar Bill,,"Each time you would deal
damage to a monster or
player, roll-
4-5: You heal 1 HP.
------------------------------
6: Add 1 to that instance
of damage.",,,Passive Items (44),FALSE,Original,@TikaratheMew,"Included with The Unboxing of Isaac #2: Rainbow Blight for June, 2022."
Glitter Bombs,,"↷: Play with the top
card of the loot
deck revealed till end
of turn. You may play
the top card of the loot
deck till end of turn.
(Normal timing and cost
rules still apply.)",,,Active Items (40),FALSE,Original,@HamBerry_art,"Included with The Unboxing of Isaac #2: Rainbow Blight for June, 2022."
My Little Unicorn,,"↷: Prevent all damage
you would take till
end of turn. When you
roll a 1-3 this turn,
cancel everything that
hasn't resolved and
end the turn.",,,Active Items (40),FALSE,Original,@HamBerry_art,"Included with The Unboxing of Isaac #2: Rainbow Blight for June, 2022."
Cube of Meat,,"You take no combat
damage on attack
rolls of 1.
------------------------------
While you control another
item or soul named Cube
of Meat or Ultra Flesh
Kid!, you have +1 AT.",,,Passive Items (44),FALSE,Original,@HamBerry_art,"Included with The Unboxing of Isaac #3: Horsemen for July, 2022."
Cube of Meat,,"You take no combat
damage on attack
rolls of 2.
------------------------------
While you control another
item or soul named Cube
of Meat or Ultra Flesh
Kid!, you have +1 HP.",,,Passive Items (44),FALSE,Alt Ability,@HamBerry_art,"Included with The Unboxing of Isaac #3: Horsemen for July, 2022."
Cube of Meat,,"You take no combat
damage on attack
rolls of 3.
------------------------------
While you control another
item or soul named Cube of
Meat or Ultra Flesh Kid!, you
take no combat damage on
attack rolls of 4.",,,Passive Items (44),FALSE,Alt Ability,@HamBerry_art,"Included with The Unboxing of Isaac #3: Horsemen for July, 2022."
Seraphim,,"You have +1 to the 1st,
3rd, and 5th attack
roll you make each turn.
------------------------------
""Above it stood the seraphims:
each one had six wings; with twain
he covered his face, and with twain
he covered his feet, and with
twain he did fly."" Isaiah 6:2",,,Passive Items (44),FALSE,Original,Private,"Included with The Unboxing of Isaac #4: The Ascent for August, 2022."
The Stairway,,"Each time you declare a
purchase, before choosing
what to purchase, you
may look at the top 7
cards of the treasure
deck and put them back
in any order.",,,Passive Items (44),FALSE,Original,@TikaratheMew,"Included with The Unboxing of Isaac #4: The Ascent for August, 2022."
Eden's Soul,,"This enters play deactivated.
------------------------------
↷: Destroy this. If you
do, look at the top 7
cards of the treasure deck.
Gain 2 of them, then put the
rest on the bottom of the
deck in a random order.",,,One Use Items (5),FALSE,Original,@TikaratheMew,"Included with The Unboxing of Isaac #4: The Ascent for August, 2022."
Mom's Heels,,"You may attack an
additional time on
your turn.
------------------------------
Prevent the first instance
of combat damage you
would take each turn.",,,Passive Items (44),FALSE,Original,@KayLousberg,"Included with The Unboxing of Isaac #5: Super Isaac 64 for September, 2022."
Mom's Lipstick,,"You may attack an
additional time on
your turn.
------------------------------
You have +1 to the
first attack roll
you make each turn.",,,Passive Items (44),FALSE,Original,@KayLousberg,"Included with The Unboxing of Isaac #5: Super Isaac 64 for September, 2022."
Mom's Underwear,,"You may attack an
additional time on
your turn.
------------------------------
You have +2 AT for the
second attack you
make each turn.",,,Passive Items (44),FALSE,Original,@KayLousberg,"Included with The Unboxing of Isaac #5: Super Isaac 64 for September, 2022."
The Mark,,"You have 5+ DC and
can be attacked.
------------------------------
On your turn, other
players have 5+ DC and
can be attacked.
------------------------------
+1 AT",,,Passive Items (44),TRUE,Original,@HamBerry_art,"Included with The Unboxing of Isaac #6: The Bloat!!!! for October, 2022."
The Nail,,"↷: Till end of turn,
each player has
4+ DC and can be attacked.
------------------------------
Each time a player
is killed by another
player, loot 1.",,,Active Items (40),TRUE,Original,@HamBerry_art,"Included with The Unboxing of Isaac #6: The Bloat!!!! for October, 2022."
Satanic Bible,,"$: Pay 1 HP:
Choose a monster.
Prevent the next
instance of damage
it would take
this turn.
------------------------------
Ave Satanas.",,,Paid Items (10),FALSE,Original,@HamBerry_art,"Included with The Unboxing of Isaac #6: The Bloat!!!! for October, 2022."
Number One,,"Monsters  have -1 DC
on your turn.
------------------------------
Your attack rolls
of 1 or 6 count
as misses.",,,Passive Items (44),FALSE,Original,@HamBerry_art,"Included with The Unboxing of Isaac #7: Binding Pale Kid for November, 2022."
Number Two,,"Each time a player
rolls a 2, you may
deal 1 damage to a
monster or player.",,,Passive Items (44),FALSE,Original,@HamBerry_art,"Included with The Unboxing of Isaac #7: Binding Pale Kid for November, 2022."
Lil Delirium,,"At the start of your turn,
look at the top 3 cards
of the treasure deck and
reveal one. This becomes a
copy of the revealed card
till end of turn. Put the
cards on the bottom of the
deck in a random order.",,,Passive Items (44),FALSE,Original,@HamBerry_art,"Included with The Unboxing of Isaac #8: Delirious for December, 2022."
A Quarter!,,"$: Destroy this:
Gain 25¢
------------------------------
""Notwithstanding, lest we should
offend them, go thou to the sea, and
cast an hook, and take up the fish
that first cometh up; and when thou
hast opened his mouth, thou shalt
find a piece of money: that take,
and give unto them for me and thee.""
Matthew 17:27",,,One Use Items (5),FALSE,Original,@TikaratheMew,"@TikaratheMew

Included with The Unboxing of Isaac #10: Lil Greed for February, 2023."
A Dollar!,,"$: Destroy this:
Steal all shop items.
------------------------------
""For the love of money is the root of
all evil: which while some coveted
after, they have erred from the
faith, and pierced themselves
through with many sorrows.""
1 Timothy 6:10",,,One Use Items (5),FALSE,Original,@TikaratheMew,"@TikaratheMew

Included with The Unboxing of Isaac #10: Lil Greed for February, 2023."
,G Fuel,,,,,,,,
G Fuel!,,"+1 HP
------------------------------
At the end of your
turn, recharge
your character.",,,Passive Items (44),FALSE,Original,Private,Included with the Isaac's Tears Collector's Box from G Fuel.
Isaac's Tears,,"Each time you roll a dice,
put a counter on this.
------------------------------
$: Remove 6 counters
from this:

Deal 1 damage to each other
player and each monster.",,,Paid Items (10),FALSE,Original,Private,Included with the Isaac's Tears Collector's Box from G Fuel.
Brimstone,,"+1 AT
------------------------------
Each time you roll
a 6, deal 1 damage
to a monster or
another player.",,,Passive Items (44),TRUE,Alt Ability,Private,Included with the Brimstone Collector's Box from G Fuel.
G Fuel!,,"↷: Recharge a
character.
------------------------------
At the end of your
turn, you may
recharge an item.
------------------------------
""Crush your competition
today with G Fuel!""",,,Active Items (40),FALSE,Alt Ability,Private,Included with the Brimstone Collector's Box from G Fuel.
,Retro,,,,,,,,
1-Up,,"If you would die during
your turn, destroy this,
prevent death, heal to
full HP, and cancel your
attack if able.  You may
attack an additional
time this turn.",,,Passive Items (44),FALSE,Alt Art,@MattKap1,Included with The Binding of Isaac: Repentance - Leviathan Edition from Nicalis.
,Requiem,,,,,,,,
Abel,,"Each time you deal combat
damage to a monster, roll-
4-6: Deal 1 damage to
another monster or player.
------------------------------
""And He said, what hast thou done?
The voice of thy brother's blood
crieth unto Me from the ground.""
Genesis 4:10",,,Passive Items (44),TRUE,Original,Private,
Alabaster Box,,"At the start of your turn,
put a counter on this.
------------------------------
When the 2nd counter is
put on this, gain 10¢.
------------------------------
When the 4th counter is
put on this, loot 4.
------------------------------
When the 6th counter is
put on this, gain +2 treasure.",,,Passive Items (44),FALSE,Original,@NY_Sagittarius,
Backstabber,,"You may attack players
who control more souls
than you. They have 3+ DC
for the attack.
------------------------------
Each time you kill a
player, loot 1.",,,Passive Items (44),FALSE,Original,@HamBerry_art,
Ball of Bandages,,"You take no combat
damage on attack
rolls of 3.
------------------------------
""Come, let us return to the
Lord. For He has torn us, but He
will heal us; He has wounded
us, but He will bandage us.""
Hosea 6:1",,,Passive Items (44),FALSE,Original,Private,
Blood Puppy,,"Each time a player dies,
this levels up.
------------------------------
Level 4+: You have +1 AT.
------------------------------
Level 8+: At the start of your
turn, deal 1 damage to
a monster or player.
------------------------------
Level 10+: At the start of your
turn, roll- 1-3: You die.",,,Passive Items (44),FALSE,Original,@HamBerry_art,
Bobby Bomb,,"When you gain or purchase
this, reveal the top 10 cards
of the loot deck. Put each
card with ""Bomb"" in its name
in your hand and the rest on
the bottom of the loot deck.
------------------------------
At the start of your turn,
put a card with ""Bomb"" in its
name from the loot discard
into your hand.",,,Passive Items (44),FALSE,Original,@HamBerry_art,
Chocolate Milk,,"At the start of your turn,
put a counter on this. Then,
if this has 3+ counters,
remove all counters from
this and deal 1 damage to
a monster or player.
------------------------------
While this has 2 counters
on it, you have +1 AT.",,,Passive Items (44),FALSE,Original,@HamBerry_art,
Consolation Prize,,"At the start of your
turn, loot x, where x
is the number of souls
the player with the
most souls controls
minus the number of
souls you control.",,,Passive Items (44),FALSE,Original,Private,
Damocles,,"If you would
gain any number of
treasures, instead
gain that many +1.
------------------------------
When you die, before paying
penalties, destroy this.",,,Passive Items (44),FALSE,Original,Private,
Fire Mind,,"Combat damage you
deal is doubled on
attack rolls of 6.
------------------------------
Combat damage you
take is doubled on
attack rolls of 1.",,,Passive Items (44),FALSE,Original,@HamBerry_art,
Gnawed Leaf,,"Prevent all damage
you would take while
it's not your turn.
------------------------------
The first time each turn
another player plays a loot
card that targets you or
something you control,
you may cancel it.",,,Passive Items (44),TRUE,Original,@HamBerry_art,
Halo of Flies,,"You take no combat
damage on attack
rolls of 1 or 6.
------------------------------
""And there were gnats on
man and beast. All the dust
of the Earth became gnats""
Exodus 8:17",,,Passive Items (44),FALSE,Original,@HamBerry_art,
Handicapped Placard,,"Monsters have -x DC
on your turn, where x
is the number of souls
the player with the
most souls controls
minus the number of
souls you control.",,,Passive Items (44),FALSE,Original,@HamBerry_art,
Judas' Shadow,,"Each time you die,
before paying penalties,
put 2 counters on this.
------------------------------
When this is destroyed,
gain x¢ and loot x, where
x is equal to the number
of counters on this.",,,Passive Items (44),FALSE,Original,Private,
Keeper's Box,,"When this enters play,
expand shop slots by 2.
------------------------------
Each time another
player purchases a shop
item, gain 2¢ and loot 1.",,,Passive Items (44),FALSE,Original,@HamBerry_art,
Lil Chest,,"Each time you kill a
monster, roll-
1-2: Gain 2¢.
------------------------------
3-4: Loot 2, then put a loot
card from your hand on
top of the loot deck.
------------------------------
5-6: Recharge each item
you control.",,,Passive Items (44),FALSE,Original,@HamBerry_art,
Lodestone,,"Each time a player
rolls a 3, choose a
monster. It gains -1 DC
till end of turn.",,,Passive Items (44),FALSE,Original,@HamBerry_art,
Lunch,,"+1 HP
------------------------------
""For I was hungry and you
gave Me something to eat...""
Matthew 25:35",,,Passive Items (44),FALSE,Original,@HamBerry_art,
Mom's Bottle of Pills,,"When you gain or purchase
this, reveal the top 10 cards
of the loot deck. Put each
card named Pills! in your hand
and the rest on the bottom
of the loot deck.
------------------------------
At the start of your turn,
put a card named Pills!
from the loot discard
into your hand.",,,Passive Items (44),FALSE,Original,@HamBerry_art,
Playdough Cookie,,"At the start of your
turn, you may choose a
non-eternal item. Put
a counter on that item
or remove one from it.
Otherwise, gain 1¢.",,,Passive Items (44),FALSE,Original,@HamBerry_art,
Punching Bag,,"HP: 2 | DC: 5+ | AT: 1

You have +2 HP.
------------------------------
This item can
be attacked.
------------------------------
Rewards: 5¢",,,Passive Items (44),FALSE,Original,@HamBerry_art,
Rock Bottom,,"When you gain or purchase
this, put counters on it equal
to the number of loot cards
in your hand.
------------------------------
At the end of your turn, if
you have fewer loot cards in
your hand than there are
counters on this, loot 2.",,,Passive Items (44),FALSE,Original,@HamBerry_art,"Unlocked via $6,660,000 total backed on the Requiem Kickstarter."
Spelunker Hat,,"At the start of
your turn, you may
look at the top 3
cards of a deck and
put them back in
any order.",,,Passive Items (44),FALSE,Original,@HamBerry_art,
Trick Penny,,"Shop items you purchase
cost 1¢ less.
------------------------------
$ items you control cost
1¢ less to activate.
------------------------------
Each time you purchase from the
shop or treasure deck, gain 1¢.
------------------------------
At the end of your
turn, gain 1¢.",,,Passive Items (44),FALSE,Original,@HamBerry_art,
Fetal Haunt,,"At the end of your turn,
give another player
a loot card.
------------------------------
When you die, before
paying penalties,
give this to another
player.",,,Passive Items (44),FALSE,Original,@rojen241,
Cursed Soul,,"At the start of your
turn, take 1 damage and
put a counter on this. Then,
if this has 6+ counters,
it becomes a soul and
loses all abilities.
------------------------------
At the end of your
turn, give this to
another player.

(+1 soul)",,,Soul Item (1),FALSE,Original,@rojen241,
Ultra Flesh Kid!,,"Each time a monster
or player dies, put a
counter on this.
------------------------------
At the end of your turn,
if this has 12+ counters,
it becomes a soul
and loses all
abilities.

(+1 soul)",,,Soul Item (1),FALSE,Original,@HamBerry_art,
Experimental Treatment,,"$: Destroy this: Roll-
1: You die.  2: Loot 3.
------------------------------
3: Gain 9¢.
------------------------------
4: Gain +1 treasure.
------------------------------
5: Gain +2 treasure.
------------------------------
6: This becomes
a soul. Gain it.
(+1 soul)",,,Soul Item (1),FALSE,Original,@HamBerry_art,
Auction Gavel,,"↷: Choose a shop item.
Other players may
bid ¢ for it, starting at
1 or more ¢. In turn order,
other players may top the
high bid. Bidding ends when
the high bid stands. The high
bidder pays you the number
of ¢ they bid and steals
the chosen item.",,,Active Items (40),TRUE,Original,@HamBerry_art,
Birthright,,"↷: This becomes a
copy of an eternal
item you control.
This loses eternal.
(This change is indefinite.)",,,Active Items (40),FALSE,Original,@HamBerry_art,
Book of the Dead,,"↷: Put a non-
event monster
card in discard
in a monster slot
not being attacked.",,,Active Items (40),FALSE,Original,Private,
Eternal D6,,"↷: Put a counter
on this.
------------------------------
$: Remove 2 counters
from this:
Till end of turn, if a player
would roll a 2 or 3, it
becomes a 1 instead.",,,Active Items (40),FALSE,Original,Private,
Friendly Ball,,"↷: Put a monster not
being attacked under
this if there are no
cards under this.
------------------------------
↷: Put a monster from
under this in a monster
slot not being attacked.
The active player must make
an additional attack
on it this turn.",,,Active Items (40),FALSE,Original,@HamBerry_art,
Friendly Sack,,"↷: Look at the top 3
cards of the loot
deck. Put one in your
hand and put the rest in
another player's hand.
------------------------------
""Thanks be unto God for
His unspeakable gift.""
2 Corinthians 9:15",,,Active Items (40),FALSE,Original,@HamBerry_art,
Hand-Me-Downs,,"↷: Each other player
may choose to
loot 1. Each player
that does gives you
a loot card.
------------------------------
""If one of you says to them,
'Go in peace; keep warm and well
fed,' but does nothing about their
physical needs, what good is it?""
James 2:16",,,Active Items (40),FALSE,Original,@HamBerry_art,
Jar of Flies,,"Each time a monster dies,
put a counter on this.
------------------------------
↷: Remove 1 or more
counters from this:
Loot 1. If 3+ counters were
removed, deal 1 damage
to a monster instead.",,,Active Items (40),FALSE,Original,@HamBerry_art,
Keeper's Penny,,"When you gain or
purchase this, gain 9¢.
------------------------------
↷: Put a counter on
this. Gain ¢ equal
to the number of
counters on this,
then give this card
to another player.",,,Active Items (40),FALSE,Original,Private,
Magic Skin,,"↷: Gain +1 treasure,
put a counter on
this, then give this
to another player.
------------------------------
At the start of your turn,
roll- If the result is less
than the number of counters
on this, destroy it and all
other items you control.",,,Active Items (40),FALSE,Original,Private,
Marbles,,"↷: Choose a
non-eternal card
in play. Put a counter
on it of a type already
on it or remove a
counter from it.",,,Active Items (40),FALSE,Original,@HamBerry_art,
Member Card,,"↷: Look at the top 3
cards of the treasure
deck. Put them back in any
order, then put a shop
item into discard.
------------------------------
Shop items you purchase
cost 4¢ less.",,,Active Items (40),FALSE,Original,@HamBerry_art,
Red Key,,"↷: Look at the top 3
cards of the room or
monster deck. You may put
one of those in a slot and
the rest back. This can't be
activated during an attack.
------------------------------
""And I will give unto thee the
keys of the kingdom of heaven""
Matthew 16:19",,,Active Items (40),FALSE,Original,@NY_Sagittarius,
Undefined,,"↷: Choose a shop
item. This becomes
a copy of that item
till the start of
your next turn.
Recharge this.
------------------------------
At the start of your turn,
you may put a shop item
into discard.",,,Active Items (40),FALSE,Original,@HamBerry_art,
X-Ray Vision,,"↷: Look at a player's
hand and the top
card of a deck. You
may put the top card
of a deck into
discard.
------------------------------
At the end of your
turn, recharge this.",,,Active Items (40),FALSE,Original,@HamBerry_art,
Mama Mega,,"↷: Destroy this.
If you do,
deal 3 damage
to each monster
and player.",,,One Use Items (5),FALSE,Original,@HamBerry_art,
R Key,,"This enters play deactivated.
------------------------------
↷: Destroy this. If
you do, destroy
all souls. Each player
discards their hand
and loots 3.",,,One Use Items (5),FALSE,Original,@NY_Sagittarius,
The Clicker,,"↷: Destroy this.
If you do, choose
a character card from
outside the game. Replace
your character with it and
your starting item with
the chosen card's
starting item.",,,One Use Items (5),FALSE,Original,@HamBerry_art,"Unlocked via $6,660,000 total backed on the Requiem Kickstarter."
Pageant Boy,,"$: Destroy this: Roll-
Gain x¢, where x is
4 times the result.
------------------------------
""A woman shall not be clothed
with man's apparel, neither shall
a man use woman's apparel: For
he that doeth these things is
abominable before God.""
Deuteronomy 22:5",,,One Use Items (5),FALSE,Original,@HamBerry_art,
Battery Pack,,"At the end of your
turn, put a counter
on this.
------------------------------
$: Remove 2 counters
from this:
Recharge each item
a player controls.",,,Paid Items (10),FALSE,Original,@HamBerry_art,
Car Battery,,"This can't be recharged
except by its own abilities.
------------------------------
↷: Recharge up to 3
other items in play.
------------------------------
$: Pay 7¢: Recharge this.",,,Paid Items (10),FALSE,Original,@HamBerry_art,
Hallowed Ground,,"Each time a player
rolls a 2, put a
counter on this.
------------------------------
$: Remove 3 counters
from this:
Put the top card of the
loot discard into your hand.",,,Paid Items (10),FALSE,Original,Private,
Keeper's Sack,,"When you gain or
purchase this, gain 14¢.
------------------------------
$: Pay 4¢: Give this
to another player.
------------------------------
At the end of your turn, discard a
loot card. If you can't, take 2 damage.
------------------------------
-Eternal-",,,Paid Items (10),FALSE,Original,@HamBerry_art,
Sacrificial Dagger,,"Each time a player
rolls a 1, put a
counter on this.
------------------------------
$: Remove 3 counters
from this:
Deal 1 damage to
a monster or player.",,,Paid Items (10),FALSE,Original,Private,
The Jar,,"$: Pay 4¢:
Choose a player or
monster. Prevent
the next 1 damage
they would take
this turn.",,,Paid Items (10),FALSE,Original,@HamBerry_art,
,Warp Zone,,,,,,,,
Diogenes' Pot,,"You take no combat
damage on attack
rolls of 2 or 3.
------------------------------
Each time you roll an
attack roll of 1, you die.",,,Passive Items (40),FALSE,Original,Private,"Crossover with the video game Getting Over It with Bennett Foddy.

Unlocked via The Planetarium social goals to-do list during the Requiem Kickstarter."
Newgrounds Tank,,"You have
+1 HP and +1 AT.
------------------------------
Monsters have
+1 DC on your turn.",,,Passive Items (40),FALSE,Original,@Von_Grimsworth,"Crossover with the website Newgrounds.

Unlocked via the Ashpit social goals to-do list during the Requiem Kickstarter."
Aubrey,,"Each time you
purchase a shop
item, loot 3.
------------------------------
""You think this is a dream?
Well then, maybe it's time
for you to wake up?""",,,Passive Items (40),FALSE,Original,@Von_Grimsworth,"Crossover with the video game Hotline Miami.

Unlocked via the Corpse social goals to-do list during the Requiem Kickstarter."
George,,"Each time you declare
an attack, before choosing
what to attack, you may
look at the top 5 cards
of the monster deck and
put them back in
any order.",,,Passive Items (40),FALSE,Original,@Von_Grimsworth,"Crossover with the video game Hotline Miami.

Unlocked via the Corpse social goals to-do list during the Requiem Kickstarter."
Tony,,"+1 AT
------------------------------
You have +1 AT while
you control no other
non-eternal items.",,,Passive Items (40),FALSE,Original,@Von_Grimsworth,"Crossover with the video game Hotline Miami.

Unlocked via the Corpse social goals to-do list during the Requiem Kickstarter."
Hitops,,"You take no combat
damage on attack rolls
of 4 or 5.
------------------------------
At the start of each other
player's turn, you may offer
to high-five them. If they
accept, they take no combat
damage on attack rolls of 4
or 5 till end of turn.",,,Passive Items (40),FALSE,Original,"@HamBerry_art
","Crossover with the video game ToeJam & Earl.

Unlocked via The End social goals to-do list during the Requiem Kickstarter."
Birthday Cake,,"At the start of your
turn, choose any number
of players. Those players
loot 1.
------------------------------
""This is the day that the
Lord has made; let us rejoice
and be glad in it.""
Psalm 118:24",,,Passive Items (40),TRUE,Original,@TikaratheMew,"Created to celebrate the 10th Anniversary of The Binding of Isaac and released to all backers of the Requiem Kickstarter, as well as pre-orders of Requiem."
Water Bottle,,"↷: Roll-
1-3: Roll again.
------------------------------
4: Deal 1 damage to a monster
or player. Roll again.
------------------------------
5. Deal 1 damage to a monster
or player.
------------------------------
6: If it's your turn, end it. Cancel
everything that hasn't resolved.
------------------------------
""I did not hit her! I did not!
Oh, hi Mark!""",,,Active Items (44),FALSE,Original,@TikaratheMew,"Crossover with the film The Room.

Unlocked via The Credits social goals to-do list during the Requiem Kickstarter."
Boxing Glove,,"↷: Put a monster
not being attacked
on the bottom of the
monster deck.
------------------------------
Each time a monster
dies, recharge this.",,,Active Items (44),FALSE,Original,"@HamBerry_art
","Crossover with the video game Risk of Rain.

Unlocked via The End social goals to-do list during the Requiem Kickstarter."
Doorway,,"↷: Choose one-
•Put each monster not being
attacked into discard.
------------------------------
•Put each shop item into
discard.
------------------------------
•Put each room into
discard.",,,Active Items (44),FALSE,Original,"@HamBerry_art
","Crossover with the video game ToeJam & Earl.

Unlocked via The End social goals to-do list during the Requiem Kickstarter."
Gun That Can Kill the Past,,"↷: Destroy this.
If you do,
cancel everything
that hasn't resolved.
Take an extra turn
after this one.",,,One Use Items (5),FALSE,Original,"@HamBerry_art
","Crossover with the video game Enter the Gungeon.

Unlocked via the Lake of Fire social goals to-do list during the Requiem Kickstarter."
Ser Junkan,,"$: Discard a loot card:
This levels up!
------------------------------
Level 4+: You have +1 HP.
------------------------------
Level 8+: Monsters have -1 DC
on your turn.
------------------------------
Level 10+: You take no combat
damage on attack
rolls of 1 or 2.",,,Paid Items (10),FALSE,Original,@TikaratheMew,"Crossover with the video game Enter the Gungeon.

Unlocked via the Lake of Fire social goals to-do list during the Requiem Kickstarter."
Spewer,,"$: Discard a loot card: Roll.
If the discarded card was
named Pills!, roll 3x instead-
1-2: You gain +1 HP
till end of turn.
------------------------------
3-4: You gain +1 AT
till end of turn.
------------------------------
5-6: Take 1 damage.",,,Paid Items (10),FALSE,Original,@TikaratheMew,"Crossover with the video game Spewer.

Unlocked via The White Light social goals to-do list during the Requiem Kickstarter."
The Crowdfunder,,"$: Pay 2¢: Roll-
3-4: Deal 1 damage to
another player.
------------------------------
5-6: Deal 1 damage to
a monster.",,,Paid Items (10),FALSE,Original,"@HamBerry_art
","Crossover with the video game Risk of Rain.

Unlocked via The End social goals to-do list during the Requiem Kickstarter."
,Alt Art,,,,,,,,
Brimstone,,"+2 AT
------------------------------
Each time you deal combat
damage to a monster, deal
2 damage to another player.
You can't attack on
your next turn.",,,Passive Items (40),TRUE,Alt Ability,"@Northernlion
","Unlocked via 44,000 backers for the Requiem Kickstarter."
Godhead,,"↷: Flip a dice roll.
(The roll becomes
7 - the current result.)
------------------------------
""Lord, make me an
instrument of your peace.""
The Prayer of Saint Francis",,,Active Items (40),FALSE,Alt Ability,5 Pound Gummy Tattoos (using @CubitalLP as a canvas),"Unlocked via 19,000 backers for the Requiem Kickstarter."
Guppy's Paw,,"↷: Destroy an item
you control. If you
do, put a counter on this.
------------------------------
You have +1 HP for each
counter on this.
------------------------------
-Guppy-",,,Active Items (40),FALSE,Alt Ability,@Zombolis,Unlocked on the fifth roll against The Beast during the Requiem Kickstarter.
Epic Fetus!,,"↷: Deal 1 damage
to each monster
and yourself.
------------------------------
""Behold, children are a
heritage from the Lord,
the fruit of the womb
a reward."" Psalm 127:3",,,Active Items (40),FALSE,Alt Ability,"@woodcarvingman
","Unlocked via $6,660,000 total backed on the Requiem Kickstarter."
,The Summer of Isaac,,,,,,,,
A Friend,,"Each time a soul enters
another player's control,
put a counter on this. Then,
if this has 3+ counters, it
loses all abilities and
becomes a soul.
(+1 soul)",,,Soul Item (1),FALSE,Original,@TikaratheMew,"Crossover with the video game The End is Nigh.

Part of the Edmund Booster Pack in The Summer of Isaac, released in June, 2024."
Blast Miner TNT!,,"↷: Roll-
1-2: Take 1 damage.
------------------------------
3-6: Deal 1 damage to
a monster or player.
------------------------------
Each time you gain 3 or more
¢ at once. Recharge this.",,,Active Items (44),FALSE,Original,@HamBerry_art,"Crossover with the video game Blast Miner.

Part of the Edmund Booster Pack in The Summer of Isaac, released in June, 2024."
The Monster,,"While this is charged,
other players can't choose
you or something you
control as the target
of a loot or ability.
------------------------------
↷: Cancel your attack and
heal to full HP.",,,Active Items (44),FALSE,Original,@TikaratheMew,"Crossover with the video game Aether.

Part of the Edmund Booster Pack in The Summer of Isaac, released in June, 2024."
Tumor Ball,,"Each time you die, put 3
counters on this.
------------------------------
$: Remove 2 counters
from this:
Choose a player. The next
time that player would die
this turn, prevent death and
heal them to full HP. They
may cancel their attack.",,,Paid Items (10),FALSE,Original,Private,"Crossover with the video game The End is Nigh.

Part of the Edmund Booster Pack in The Summer of Isaac, released in June, 2024."
Karma,,"Each time a soul enters
another player's control,
choose 2 players. They
each steal a shop item
and loot 1.",,,Passive Items (44),TRUE,Original,@TikaratheMew,"Design by @_ThmB_

Part of the Community Booster Pack in The Summer of Isaac, released in August, 2024."
Conjoined D6,,"↷: Choose a player. The
next time they would
roll a dice, they instead
roll a D8. Rolls of 7 or 8
count as a roll of 6.
------------------------------
Each time a player rolls
a 6, recharge this.",,,Active Items (44),FALSE,Original,@HamBerry_art,"Design by @blargg__

Part of the Community Booster Pack in The Summer of Isaac, released in August, 2024."
Isaac's Last Will,,"Each time another player pays the
death penalty, gain 2¢ and put their
death penalty item under this.
------------------------------
↷: Choose one-
•Put a card from under this
on top of its deck.
------------------------------
•Gain 1¢ for each card
under this.",,,Active Items (44),FALSE,Original,@Atomicr0w,"Design by @Atomicr0w

Part of the Community Booster Pack in The Summer of Isaac, released in August, 2024."
Telekinesis,,"↷: Choose a ↷ or $ ability
on an item another player
controls. They must activate
that ability if able.
------------------------------
At the start of your turn, you
may look at the top 2 cards
of a deck. Put any number of
them into discard and the 
rest back in any order.",,,Active Items (44),FALSE,Original,@HamBerry_art,"Design by @da_mous

Part of the Community Booster Pack in The Summer of Isaac, released in August, 2024."
 Magic Mushroom,,"This starts with 3 counters.
------------------------------
$: Remove a counter from this:
Choose one-
•Gain +1 AT for your next
attack roll this turn.
------------------------------
•Prevent the next 1 damage
you would take this turn.
------------------------------
Your character has ""↷: Put
a counter on an item named
Magic Mushroom.""",,,Paid Items (10),FALSE,Original,@TikaratheMew,"Design by @afunnypenguin

Part of the Community Booster Pack in The Summer of Isaac, released in August, 2024."
,Anniversary,,,,,,,,
Dataminer,,"↷: Roll-
1: Each monsters' AT becomes 1.
------------------------------
2: Destroy this. If you do, put 1
AT counter on your character.
------------------------------
3: Deactivate all cards in play.
------------------------------
4: Your max hand size becomes 0 till
the start of your next turn.
------------------------------
5: Each monsters' AT becomes 9.
------------------------------
6: Destroy this. If you do, your AT
becomes 9 till end of turn.",,,Active Items (44),FALSE,Original,@HamBerry_art,
Co-op Baby,,"HP: 2 | DC: 3+ | AT: 1

Each time you declare
an attack, choose another
player. That player teams
up with you.
------------------------------
-Familiar-
------------------------------
Rewards: Loot 1",,,Passive Items (44),FALSE,Original,@TikaratheMew,
Booster Pack,,"↷:Destroy this. If you
do, reveal the top 5
cards of the loot deck.
You may play any number
of them without using a
loot play. Put the rest
into discard.",,,One Use Items (5),FALSE,Original,@HamBerry_art,Design by @realSpaggy_
Prototype,,"When you gain this item, choose
one from each list. This item
gains the chosen text from
each in that order.",,,Passive Items (44),FALSE,Original,@TikaratheMew,
,,"•""At the
start of
your turn,""
----------
•""Each time
a player
rolls a 3,""
----------
•""↷, pay 3¢:""","•""Loot 2.""
----------
•""Gain +1 HP
till end
of turn.""
----------
•""Gain 6¢.""
----------
•""Take 1
damage.""","•""Give this
to another
player.""
----------
•""Take 1
damage.""
----------
•""Discard a
loot card.""",,,,,
,Mewgenics,,,,,,,,
Mini Nuke,,"Each time a monster dies,
put a counter on this.
------------------------------
$: Remove 9 counters
from this:

Destroy this. If you do, deal
999 damage to each monster
and each player.",,,One Use Items (5),FALSE,Original,@HamBerry_art,Included with The Mewgenics Collectible Cat Carrier bundle to celebrate the release of the Mewgenics video game.